Monat,Marke,Modell,Variante,DAT EK (Proxy),Höchstgebot,Listenpreis,Batterie kWh,km,Leistung kW
2026-01,Aiways,U5,Standard My.21,9600.0,7400.0,37120,63.0,47500,150.0
2026-01,Seat,Mii,Edition Power Charge,10600.0,8400.0,24650,36.8,39500,61.0
2026-01,Aiways ,U5,"Prime (63kWh, 150 kW)",10600.0,12100.0,40044,63.0,46100,150.0
2026-01,Renault,Zoe,Riviera,11700.0,9163.0,38790,54.7,32500,100.0
2026-01,MG,4,Standard,12600.0,12700.0,34990,51.0,32000,125.0
2026-01,Peugeot,208,"e- GT Pack (50.0 kWh, 100.0 kW)",12800.0,13500.0,35750,50.0,44000,100.0
2026-01,Citroën,C4,ë- Shine,13200.0,12700.0,37340,50.0,38000,100.0
2026-01,MG,ZS,"Luxury (70kWh, 115kW)",14000.0,15300.0,31990,72.6,25000,115.0
2026-01,MINI,Cooper SE,Classic Trim,15000.0,18088.0,37300,32.6,15500,135.0
2026-01,Kia,e-Niro,Spirit,15600.0,17300.0,45790,67.5,53000,150.0
2026-01,Volkswagen,ID.3,Pro Performance Max,18200.0,17200.0,47105,62.0,49120,150.0
2026-01,Citroën,C4 X,ë- Shine,18400.0,16000.0,40540,50.0,16400,100.0
2026-01,Tesla,Model 3,Long Range Dual AWD,18600.0,21200.0,53185,75.0,107000,324.0
2026-02,Renault,Zoe,Life,4400.0,7000.0,23297,54.7,94000,80.0
2026-02,Renault,Zoe,Intens,5300.0,5900.0,27196,54.7,92000,100.0
2026-02,Smart,forfour,EQ(453.091),5600.0,3700.0,22031,17.6,50000,60.0
2026-02,Renault,Twingo,Intens Electric,6000.0,5200.0,24690,23.0,77300,60.0
2026-02,Renault,Zoe,Intens,6700.0,9200.0,27196,54.7,40550,100.0
2026-02,Smart,fortwo,EQ(453.391),6900.0,4800.0,23239,17.6,14995,60.0
2026-02,Opel,Corsa,e Edition,8200.0,8500.0,29877,50.0,45000,100.0
2026-02,Hyundai,Kona,Trend Elektro 2WD,8300.0,7100.0,39000,67.5,147000,150.0
2026-02,Renault,Twingo,Vibes Electric,8400.0,5700.0,25890,23.0,27500,60.0
2026-02,Fiat,500,Icon,9000.0,9200.0,31990,42.0,31000,87.0
2026-02,Honda,e,"Advance (35.5 kWh, 113.0 kW)",9000.0,6900.0,35921,35.5,100000,113.0
2026-02,Hyundai,Ioniq,Style Elektro,9200.0,6800.0,35500,30.5,89000,88.0
2026-02,Dacia,Spring,Essential,9200.0,4800.0,22550,26.8,23000,33.0
2026-02,Smart,fortwo,EQ(453.491),9400.0,3200.0,28070,17.6,50000,60.0
2026-02,Opel,Corsa,e GS Line,9700.0,8400.0,32066,50.0,70000,100.0
2026-02,Smart,fortwo,EQ(453.391),9700.0,6100.0,23909,17.6,26000,60.0
2026-02,Nissan,Leaf,N-Connecta,9800.0,6100.0,36000,40.0,23550,110.0
2026-02,Opel,Corsa,e Edition,9800.0,11400.0,29877,50.0,35000,100.0
2026-02,Volkswagen,e-up!,Style,9900.0,11600.0,23000,36.8,13800,61.0
2026-02,Volkswagen,e-up!,Style,10100.0,8900.0,23000,36.8,22000,61.0
2026-02,Renault,Zoe,Life,10100.0,5800.0,29990,44.1,27500,80.0
2026-02,Renault,Zoe,Riviera,10400.0,8300.0,37812,54.7,63000,80.0
2026-02,MINI,Cooper SE,Trim L,10400.0,8500.0,38500,32.6,91000,135.0
2026-02,Renault,Zoe,Life,10500.0,8400.0,31990,54.7,44693,80.0
2026-02,Aiways,U5,Standard,10500.0,8700.0,38973,63.0,36000,160.0
2026-02,MG,5,Luxury,10700.0,8200.0,36990,50.3,114161,130.0
2026-02,Renault,Zoe,Intens,10800.0,8400.0,35890,54.7,43500,100.0
2026-02,Volkswagen,e-up!,Style Plus,10900.0,9401.0,26895,36.8,50000,61.0
2026-02,Seat,Mii,Edition Power Charge,11100.0,7700.0,24650,36.8,24282,61.0
2026-02,Volkswagen,Golf,e-Golf,11200.0,10200.0,31096,35.8,45457,100.0
2026-02,MINI,Cooper SE,Trim S,11200.0,13000.0,32500,32.6,40000,135.0
2026-02,Nissan,Leaf,Acenta,11300.0,7735.0,32400,40.0,38625,110.0
2026-02,Hyundai,Ioniq,Premium Elektro,11300.0,6700.0,38000,30.5,43250,88.0
2026-02,MINI,Cooper SE,Classic Trim,11500.0,12300.0,33900,32.6,51400,135.0
2026-02,Dacia,Spring,Extreme,11700.0,9100.0,24550,26.8,22000,48.0
2026-02,MINI,Cooper SE,Essential Trim,11800.0,12700.0,32500,32.6,38192,135.0
2026-02,Nissan,Leaf,Tekna,11800.0,9500.0,37050,40.0,35989,110.0
2026-02,Opel,Mokka,e Edition,11900.0,13200.0,34110,50.0,35000,100.0
2026-02,Peugeot,208,e- Active Pack,12000.0,9100.0,33650,50.0,40108,100.0
2026-02,Citroën,C4,ë- Feel,12100.0,11424.0,34640,50.0,30930,100.0
2026-02,Volkswagen,ID.3,Pro 107 kW Business,12300.0,11400.0,40855,62.0,120000,107.0
2026-02,MINI,Cooper SE,Classic Trim,12300.0,12700.0,33900,32.6,42500,135.0
2026-02,Hyundai,Ioniq,Premium Elektro,12300.0,12900.0,42200,40.4,77010,100.0
2026-02,Peugeot,208,e- GT,12400.0,12700.0,36600,50.0,38500,100.0
2026-02,MG,5,Luxury,12700.0,13400.0,39990,61.1,67000,115.0
2026-02,Hyundai,Ioniq,Premium Elektro,12800.0,9400.0,41574,40.4,67500,100.0
2026-02,Opel,Mokka,e GS Line,12900.0,9600.0,38930,50.0,66000,100.0
2026-02,Citroën,C4,ë- Shine,12900.0,13209.0,38840,50.0,42000,100.0
2026-02,Hyundai,Kona,"Trend Elektro 2WD (39.2 kWh, 100 kW)",13200.0,16100.0,38950,42.0,56000,100.0
2026-02,Opel,Mokka,e GS Line,13600.0,12700.0,38980,50.0,27700,100.0
2026-02,Volkswagen,ID.3,Pure Performance 110 kW,13700.0,13100.0,31960,55.0,27000,110.0
2026-02,Peugeot,208,"e- GT Pack (50.0 kWh, 100.0 kW)",13700.0,14400.0,37650,50.0,40600,100.0
2026-02,Aiways,U5,Prime,14600.0,10100.0,45547,63.0,29000,160.0
2026-02,MG,ZS,Comfort,14800.0,12800.0,33990,51.1,40000,130.0
2026-02,Peugeot,e-2008,GT Pack,14800.0,13500.0,41150,50.0,31961,100.0
2026-02,Volkswagen,ID.3,Pro 107 kW,15200.0,16000.0,35460,62.0,39300,107.0
2026-02,MINI,3trg. ,Cooper SE Classic Trim,15200.0,13800.0,37300,32.6,10832,135.0
2026-02,MG,4,Standard,15500.0,14200.0,34990,51.0,15000,125.0
2026-02,Volkswagen,e-up!,Edition,15700.0,14400.0,29995,36.8,10966,61.0
2026-02,Fiat,500,La Prima by Bocelli,15700.0,14600.0,38990,42.0,26000,87.0
2026-02,Volkswagen,ID.3,Pro Performance Tech,15700.0,15600.0,43680,62.0,63000,150.0
2026-02,Kia,e-Niro,Spirit,15800.0,18600.0,45790,67.5,52000,150.0
2026-02,Kia,e-Niro,Spirit,15800.0,14280.0,44636,67.5,74800,150.0
2026-02,Kia,e-Niro,Spirit,15800.0,17700.0,44636,67.5,36200,150.0
2026-02,Kia,e-Niro,Spirit,15900.0,13700.0,45790,67.5,88000,150.0
2026-02,Volkswagen,ID.3,Pro Performance Business,16000.0,15700.0,42355,62.0,51300,150.0
2026-02,Fiat,500,Basis,16100.0,13090.0,37990,42.0,12900,87.0
2026-02,MG,4,Standard,16100.0,13400.0,34990,51.0,8200,125.0
2026-02,Tesla,Model 3,"Long Range Dual AWD (75kWh, 350kW)",16200.0,17300.0,57780,78.8,125000,324.0
2026-02,Opel,Mokka,e Ultimate,16400.0,12200.0,41220,50.0,42000,100.0
2026-02,MG,ZS,Luxury,16400.0,12100.0,35990,51.1,29600,130.0
2026-02,MG,4,Luxury,16400.0,15800.0,41990,64.0,36501,150.0
2026-02,Hyundai,Ioniq 5,Basis Elektro,16600.0,20800.0,41900,58.0,58000,125.0
2026-02,Opel,Mokka,e Elegance,16700.0,14994.0,40800,50.0,10,100.0
2026-02,Hyundai,Kona,Prime Elektro 2WD,16800.0,16800.0,48450,67.5,66000,150.0
2026-02,Tesla,Model 3,Long Range Dual AWD,16900.0,17700.0,57780,78.8,111206,324.0
2026-02,Polestar,2,Long Range Dual,17000.0,20100.0,50970,78.0,156000,300.0
2026-02,Peugeot,Expert,Premium Elektromotor L2,17100.0,10353.0,53820,75.0,28000,100.0
2026-02,Renault,Megane,Evolution,17400.0,18326.0,47800,65.0,75600,160.0
2026-02,Cupra,Born,150 kW,17900.0,21700.0,37220,62.0,35000,150.0
2026-02,Hyundai,Kona,Prime Elektro 2WD,18000.0,21100.0,49550,67.5,33675,150.0
2026-02,MG,4,Luxury,18100.0,17900.0,41990,64.0,33100,150.0
2026-02,Tesla,Model 3,Basis RWD,18200.0,19900.0,45560,60.0,109220,208.0
2026-02,Citroën,C4 X,ë- Shine,18400.0,15000.0,40540,50.0,16400,100.0
2026-02,Volkswagen,ID.3,Pro Performance,18500.0,18700.0,38060,62.0,44500,150.0
2026-02,Tesla,Model 3,Standard Range Plus RWD,18500.0,16779.0,45560,55.0,74500,239.0
2026-02,Volkswagen,ID.3,Pro Performance,18600.0,18802.0,38060,62.0,41000,150.0
2026-02,Kia,e-Niro,Spirit,18600.0,19100.0,45790,67.5,43000,150.0
2026-02,Citroën,Berlingo,Shine Elektromotor M,18800.0,11424.0,43240,50.0,21300,100.0
2026-02,Tesla,Model 3,Performance Dual AWD,18800.0,19200.0,61970,78.8,110000,377.0
2026-02,Kia,e-Niro,Vision,18800.0,22491.0,43390,68.0,45000,150.0
2026-02,Volkswagen,ID.3,Pro Performance,18900.0,17800.0,38060,62.0,19840,150.0
2026-02,Tesla,Model 3,Standard Range Plus RWD,19000.0,12200.0,45560,55.0,77000,208.0
2026-02,Hyundai,Kona,Prime Elektro 2WD,19200.0,18400.0,48450,67.5,23100,150.0
2026-02,Tesla,Model 3,Basis RWD,19200.0,19500.0,45560,60.0,93000,208.0
2026-02,Citroën,Berlingo,Shine Elektromotor M,19300.0,18000.0,43240,50.0,8900,100.0
2026-02,Tesla,Model 3,Long Range Dual AWD,19700.0,20600.0,54560,78.1,106500,366.0
2026-02,Hyundai,Ioniq 5,Project 45 Elektro 4WD,19700.0,22372.0,59550,72.6,102000,225.0
2026-02,Cupra,Born,150 kW,19700.0,19100.0,37220,62.0,37000,150.0
2026-02,Tesla,Model 3,Basis RWD,19800.0,19700.0,45560,60.0,85000,208.0
2026-02,Audi,e-tron,50 quattro basis,19900.0,16500.0,69100,71.0,67000,230.0
2026-03,Smart,forfour,EQ(453.091),4300.0,4300.0,23990,17.6,69900,60.0
2026-03,Smart,forfour,EQ(453.091),4400.0,5500.0,24750,17.6,64082,60.0
2026-03,Smart,fortwo,EQ(453.391),4500.0,4800.0,23909,17.6,7500,60.0
2026-03,Opel,Corsa,e Edition,6700.0,8600.0,30650,50.0,57985,100.0
2026-03,Volkswagen,e-up!,Style,6700.0,6100.0,23000,36.8,61900,61.0
2026-03,Volkswagen,e-up!,Active,7000.0,8100.0,23740,36.8,64500,61.0
2026-03,Smart,forfour,EQ(453.091),7100.0,6500.0,22600,17.6,24000,60.0
2026-03,Smart,forfour,EQ(453.091),7100.0,4600.0,23833,17.6,36500,60.0
2026-03,Dacia,Spring,Extreme,7600.0,6100.0,24550,26.8,47300,48.0
2026-03,Hyundai,Ioniq,Style Elektro,7800.0,5200.0,35500,30.5,132500,88.0
2026-03,Skoda,Citigo,Best of,8100.0,7200.0,24989,36.8,82000,61.0
2026-03,Volkswagen,Golf,e-Golf,8400.0,9700.0,31900,35.8,99100,100.0
2026-03,Nissan,Leaf,"Acenta (40.0 kWh, 110.0 kW)",8500.0,3689.0,35600,40.0,77500,110.0
2026-03,Peugeot,208,e- Allure,8500.0,10900.0,31388,50.0,70000,100.0
2026-03,Volkswagen,Golf,e-Golf,8600.0,9600.0,33990,35.8,48810,100.0
2026-03,Volkswagen,Golf,e-Golf,8700.0,10800.0,31900,35.8,42800,100.0
2026-03,Volkswagen,Golf,e-Golf,8700.0,10000.0,31900,35.8,71000,100.0
2026-03,Volkswagen,e-up!,Style,8800.0,9500.0,23000,36.8,40000,61.0
2026-03,Renault,Zoe,Experience,9100.0,9401.0,32990,54.7,55000,80.0
2026-03,Hyundai,Kona,Select Elektro 2WD,9100.0,11100.0,36250,42.0,46700,100.0
2026-03,Renault,Twingo,Equilibre Electric,9200.0,5000.0,24350,23.0,22472,60.0
2026-03,Smart,fortwo Cabrio,EQ(453.491),9300.0,4100.0,26417,17.6,30930,60.0
2026-03,Nissan,Leaf,Acenta,9300.0,7300.0,33400,40.0,61000,110.0
2026-03,Volkswagen,e-up!,Style Plus,9600.0,9300.0,26895,36.8,49000,61.0
2026-03,Volkswagen,e-up!,United,9700.0,7100.0,23142,36.8,33600,61.0
2026-03,Opel,Corsa,e GS Line,9800.0,9900.0,33245,50.0,39500,100.0
2026-03,Citroën,C4,ë- Feel Pack,9800.0,11700.0,35940,50.0,64300,100.0
2026-03,Peugeot,208,e- Active Pack,9800.0,11000.0,33150,50.0,43000,100.0
2026-03,Aiways,U5,Prime,10500.0,13600.0,45547,63.0,29000,160.0
2026-03,Smart,fortwo,EQ(453.491),10500.0,4300.0,28000,17.6,18100,60.0
2026-03,Aiways,U5,Prime,11000.0,11200.0,45547,63.0,43400,160.0
2026-03,Hyundai,Ioniq,Premium Elektro,11100.0,8300.0,38000,30.5,59000,88.0
2026-03,Volkswagen,ID.3,Pro Performance Tech,11100.0,11900.0,43330,62.0,95000,150.0
2026-03,Citroën,C4,ë- Shine,11200.0,9877.0,37340,50.0,76850,100.0
2026-03,MINI,Cooper SE,Classic Trim,11200.0,12200.0,33900,32.6,50000,135.0
2026-03,Nissan,Leaf,Acenta,11300.0,7300.0,32400,40.0,27800,110.0
2026-03,Volkswagen,Golf,e-Golf,11300.0,10400.0,31900,35.8,37000,100.0
2026-03,Hyundai,Kona,Select Elektro 2WD,11300.0,10800.0,36250,42.0,27000,100.0
2026-03,Opel,Corsa,e GS Line,11300.0,12100.0,34745,50.0,28196,100.0
2026-03,Opel,Mokka,e GS Line,11400.0,10700.0,38580,50.0,81000,100.0
2026-03,MG,5,Luxury,11500.0,11800.0,36990,50.3,38317,130.0
2026-03,Volkswagen,Golf,e-Golf,11700.0,9100.0,31096,35.8,29218,100.0
2026-03,Opel,Corsa,e Ultimate,11800.0,12400.0,35645,50.0,31000,100.0
2026-03,Hyundai,Kona,Select Elektro 2WD,11900.0,12000.0,37700,42.0,38000,100.0
2026-03,Opel,Mokka,e Elegance,12300.0,10829.0,37300,50.0,11500,100.0
2026-03,MINI,Cooper SE,Electric Collection,12700.0,16000.0,35600,32.6,35310,135.0
2026-03,Aiways,U5,Prime,12800.0,10600.0,44399,63.0,77500,160.0
2026-03,Opel,Mokka,e Ultimate,13200.0,10800.0,41220,50.0,55500,100.0
2026-03,Volkswagen,ID.3,Pro Performance Life,13300.0,13685.0,38765,62.0,73000,150.0
2026-03,MG,5,Luxury,13400.0,13209.0,39990,50.3,47500,130.0
2026-03,MG,5,Luxury,13600.0,11500.0,36990,50.3,21400,130.0
2026-03,Kia,e-Niro,Vision,13800.0,13300.0,38290,42.0,44600,100.0
2026-03,Opel,Mokka,e Elegance,14100.0,10948.0,37650,50.0,25000,100.0
2026-03,Fiat,500,La Prima,14400.0,13100.0,35990,42.0,36200,87.0
2026-03,Aiways,U5,"Prime (150kW, 63kWh)",14600.0,10600.0,42050,63.0,34600,160.0
2026-03,Volkswagen,e-up!,Edition,14700.0,11100.0,29995,36.8,35000,61.0
2026-03,BMW,i3,Basis,14700.0,14000.0,39000,42.2,62000,125.0
2026-03,Peugeot,e-2008,GT,14700.0,15000.0,39700,50.0,24900,100.0
2026-03,Hyundai,Kona,LEVEL 5 Elektro 2WD,14900.0,10800.0,49790,67.5,63000,150.0
2026-03,Hyundai,Kona,Style Elektro 2WD,14900.0,11700.0,43427,67.5,62459,150.0
2026-03,Fiat,500,Icon,14900.0,14000.0,31990,42.0,13000,87.0
2026-03,Aiways,U5,Prime,15000.0,11000.0,45547,63.0,91400,160.0
2026-03,Citroën,C3,ë 113 YOU,15000.0,14000.0,23300,44.0,6800,83.0
2026-03,Fiat,500,La Prima,15000.0,13804.0,37899,42.0,38000,87.0
2026-03,Tesla,Model 3,Standard Range Plus RWD,15100.0,14100.0,44412,55.0,125000,239.0
2026-03,MINI,Cooper SE,Yours Trim,15200.0,17300.0,40300,32.6,34200,135.0
2026-03,Fiat,500,La Prima Cabrio,15300.0,15000.0,37990,42.0,35300,87.0
2026-03,Volkswagen,ID.3,Pro Performance Max,15400.0,15700.0,45917,62.0,86000,150.0
2026-03,Renault,Zoe,Iconic,15500.0,13100.0,39690,54.7,47000,100.0
2026-03,Hyundai,Kona,Prime Elektro 2WD,15600.0,15700.0,48450,67.5,79500,150.0
2026-03,Volkswagen,ID.3,Pro 107 kW,15600.0,13923.0,35460,62.0,43000,107.0
2026-03,Tesla,Model 3,Long Range Dual AWD,15900.0,12495.0,57418,78.8,156000,324.0
2026-03,Opel,Mokka,e GS Line,16000.0,11800.0,41930,50.0,27067,100.0
2026-03,Volkswagen,ID.4,Pro Performance,16100.0,16065.0,44915,82.0,115025,150.0
2026-03,BMW,i3,s,16100.0,12100.0,42600,42.2,56000,135.0
2026-03,Peugeot,e-2008,GT,16100.0,14600.0,40750,50.0,36000,100.0
2026-03,Tesla,Model 3,Performance Dual AWD,16200.0,12700.0,63572,78.8,154153,377.0
2026-03,BMW,i3,Basis,16300.0,12300.0,39000,42.2,39300,125.0
2026-03,Nissan,Leaf,e+ N-Connecta,17100.0,10300.0,41100,62.0,32000,160.0
2026-03,Kia,Soul,Spirit,17100.0,17400.0,43190,67.5,29300,150.0
2026-03,BMW,i3,s,17200.0,15500.0,42600,42.2,27000,135.0
2026-03,Tesla,Model 3,Standard Range Plus RWD,17300.0,19600.0,46380,53.1,45839,239.0
2026-03,Cupra,Born,150 kW,17500.0,16800.0,37220,62.0,42000,150.0
2026-03,BMW,i3,s,17500.0,15827.0,42600,42.2,32000,135.0
2026-03,Volkswagen,ID.4,Pro Performance 1st,17700.0,18000.0,48691,82.0,99850,150.0
2026-03,Volkswagen,ID.3,Pro Performance 1st Max,17700.0,17200.0,48735,62.0,49299,150.0
2026-03,Tesla,Model 3,Long Range Dual AWD,17800.0,17600.0,57418,78.8,125000,324.0
2026-03,Peugeot,208,e- GT+,18000.0,15600.0,40850,50.0,20053,100.0
2026-03,Cupra,Born,150 kW,18100.0,19800.0,39370,62.0,36000,150.0
2026-03,Citroen,Jumpy,Asphalt M Elektromotor,18300.0,10710.0,43380,50.0,35000,100.0
2026-03,Cupra,Born,150 kW,18300.0,21900.0,39370,62.0,30725,150.0
2026-03,Hyundai,Ioniq 5,Basis Elektro,18400.0,21200.0,41900,58.0,33210,125.0
2026-03,Skoda,Enyaq,60 Loft,18500.0,19278.0,39650,62.0,43985,132.0
2026-03,Skoda,Enyaq,60 Loft,18500.0,19100.0,38850,62.0,59000,132.0
2026-03,BYD,Dolphin,Design,18800.0,19300.0,35990,62.0,30235,150.0
2026-03,Cupra,Born,150 kW,18900.0,19600.0,38770,62.0,31200,150.0
2026-03,Citroën,Berlingo,Shine Elektromotor M,18900.0,13500.0,43240,50.0,17560,100.0
2026-03,Kia,e-Niro,Vision,19000.0,22200.0,43390,68.0,45600,150.0
2026-03,Tesla,Model 3,Standard Range Plus RWD,19100.0,19400.0,45560,55.0,58376,239.0
2026-03,Cupra,Born,150 kW,19200.0,23000.0,38770,62.0,21500,150.0
2026-03,Volkswagen,ID.3,Pro S Tour,19500.0,21900.0,49685,82.0,54500,150.0
2026-03,Tesla,Model 3,Long Range Dual AWD,19700.0,18500.0,54560,78.1,106224,366.0
2026-03,Tesla,Model 3,Basis RWD,19800.0,19200.0,45560,60.0,60550,208.0
